book_id,topic_0,topic_1,topic_2,topic_3,topic_4,author,stance
67141,0.0011213987061255658,0.0017853438816444224,2.3132174412123543e-06,2.3743884191452802e-06,0.9970885698063696,Griffis,exotic-neutral
69300,0.9978241177989667,0.0021155061289828718,3.236076945399929e-06,3.3204650322797415e-06,5.3819530072621736e-05,Bishop,sympathetic-traveler
52127,2.7315881371390543e-06,2.7340726515719385e-06,2.6613496256927346e-06,0.9999891418105782,2.731179007398909e-06,Hulbert,pro-korean
73071,0.00014066534119365845,0.9998497506932823,3.139553084010867e-06,3.2205792202991773e-06,3.2238332197594394e-06,Ladd,pro-japanese
